{"cameraMode":{"drawMode":0,"name":"Shaded","section":"Shading Mode"},"sceneLighting":false,"audioPlay":false,"sceneViewState":{"showFog":true,"showMaterialUpdate":false,"showSkybox":true,"showFlares":true,"showImageEffects":true,"showParticleSystems":true},"in2DMode":false,"pivot":{"x":-170.54490661621095,"y":57.468017578125,"z":22.7689266204834},"rotation":{"x":0.13192129135131837,"y":0.010749099776148796,"z":-0.0014319602632895113,"w":0.9912009239196777},"size":11.995826721191407,"orthographic":false}