{"cameraMode":{"drawMode":0,"name":"Shaded","section":"Shading Mode"},"sceneLighting":true,"audioPlay":false,"sceneViewState":{"showFog":true,"showMaterialUpdate":false,"showSkybox":true,"showFlares":true,"showImageEffects":true,"showParticleSystems":true},"in2DMode":false,"pivot":{"x":-361.4560852050781,"y":-5.863137722015381,"z":177.82467651367188},"rotation":{"x":0.1904352754354477,"y":-0.22277048230171204,"z":0.04441826790571213,"w":0.9550575017929077},"size":194.75439453125,"orthographic":false}