{"cameraMode":{"drawMode":0,"name":"Shaded","section":"Shading Mode"},"sceneLighting":false,"audioPlay":false,"sceneViewState":{"showFog":true,"showMaterialUpdate":false,"showSkybox":true,"showFlares":true,"showImageEffects":true,"showParticleSystems":true},"in2DMode":false,"pivot":{"x":-7.802825927734375,"y":0.42899999022483828,"z":23.635982513427736},"rotation":{"x":0.1904352754354477,"y":-0.22277048230171204,"z":0.04441826790571213,"w":0.9550575017929077},"size":2.0005202293395998,"orthographic":false}