{"cameraMode":{"drawMode":0,"name":"Shaded","section":"Shading Mode"},"sceneLighting":false,"audioPlay":false,"sceneViewState":{"showFog":true,"showMaterialUpdate":false,"showSkybox":true,"showFlares":true,"showImageEffects":true,"showParticleSystems":true},"in2DMode":false,"pivot":{"x":15.45526123046875,"y":-34.56886291503906,"z":194.67662048339845},"rotation":{"x":0.1465080976486206,"y":-0.15184906125068665,"z":0.022764360532164575,"w":0.9772201180458069},"size":85.73651885986328,"orthographic":false}