{"cameraMode":{"drawMode":0,"name":"Shaded","section":"Shading Mode"},"sceneLighting":false,"audioPlay":false,"sceneViewState":{"showFog":true,"showMaterialUpdate":false,"showSkybox":true,"showFlares":true,"showImageEffects":true,"showParticleSystems":true},"in2DMode":false,"pivot":{"x":-238.65127563476563,"y":58.42109680175781,"z":-39.86058807373047},"rotation":{"x":0.13192129135131837,"y":0.010749099776148796,"z":-0.0014319602632895113,"w":0.9912009239196777},"size":4.09113073348999,"orthographic":false}