{"cameraMode":{"drawMode":0,"name":"Shaded","section":"Shading Mode"},"sceneLighting":true,"audioPlay":false,"sceneViewState":{"showFog":true,"showMaterialUpdate":false,"showSkybox":true,"showFlares":true,"showImageEffects":true,"showParticleSystems":true},"in2DMode":false,"pivot":{"x":-220.95608520507813,"y":49.549137115478519,"z":15.166610717773438},"rotation":{"x":-0.4230819642543793,"y":-0.1595972180366516,"z":0.07598236203193665,"w":-0.8886827826499939},"size":31.1702880859375,"orthographic":false}