{"cameraMode":{"drawMode":0,"name":"Shaded","section":"Shading Mode"},"sceneLighting":true,"audioPlay":false,"sceneViewState":{"showFog":true,"showMaterialUpdate":false,"showSkybox":true,"showFlares":true,"showImageEffects":true,"showParticleSystems":true},"in2DMode":false,"pivot":{"x":-191.72439575195313,"y":92.65963745117188,"z":19.460023880004884},"rotation":{"x":-0.13031001389026643,"y":0.3234686553478241,"z":-0.045025840401649478,"w":-0.9361410140991211},"size":26.235408782958986,"orthographic":false}