{"cameraMode":{"drawMode":0,"name":"Shaded","section":"Shading Mode"},"sceneLighting":true,"audioPlay":false,"sceneViewState":{"showFog":true,"showMaterialUpdate":false,"showSkybox":true,"showFlares":true,"showImageEffects":true,"showParticleSystems":true},"in2DMode":false,"pivot":{"x":-300.8991394042969,"y":18.9359130859375,"z":69.72180938720703},"rotation":{"x":-0.16861826181411744,"y":0.2619597613811493,"z":-0.0465388298034668,"w":-0.9490938782691956},"size":175.3427734375,"orthographic":false}