{"cameraMode":{"drawMode":0,"name":"Shaded","section":"Shading Mode"},"sceneLighting":false,"audioPlay":false,"sceneViewState":{"showFog":true,"showMaterialUpdate":false,"showSkybox":true,"showFlares":true,"showImageEffects":true,"showParticleSystems":true},"in2DMode":false,"pivot":{"x":-231.70579528808595,"y":55.5814208984375,"z":-32.73967361450195},"rotation":{"x":0.13192129135131837,"y":0.010749099776148796,"z":-0.0014319602632895113,"w":0.9912009239196777},"size":6.813201427459717,"orthographic":false}