{"cameraMode":{"drawMode":0,"name":"Shaded","section":"Shading Mode"},"sceneLighting":false,"audioPlay":false,"sceneViewState":{"showFog":true,"showMaterialUpdate":false,"showSkybox":true,"showFlares":true,"showImageEffects":true,"showParticleSystems":true},"in2DMode":false,"pivot":{"x":-2.0704686641693117,"y":-6.17198371887207,"z":91.77083587646485},"rotation":{"x":-0.19653525948524476,"y":0.24326688051223756,"z":-0.050405025482177737,"w":-0.9485012292861939},"size":9.165970802307129,"orthographic":false}