{"cameraMode":{"drawMode":0,"name":"Shaded","section":"Shading Mode"},"sceneLighting":true,"audioPlay":false,"sceneViewState":{"showFog":true,"showMaterialUpdate":false,"showSkybox":true,"showFlares":true,"showImageEffects":true,"showParticleSystems":true},"in2DMode":false,"pivot":{"x":-3.6399471759796144,"y":-0.2999999523162842,"z":10.947998046875},"rotation":{"x":0.1904352754354477,"y":-0.22277048230171204,"z":0.04441826790571213,"w":0.9550575017929077},"size":40.93080139160156,"orthographic":false}