{"cameraMode":{"drawMode":0,"name":"Shaded","section":"Shading Mode"},"sceneLighting":false,"audioPlay":false,"sceneViewState":{"showFog":true,"showMaterialUpdate":false,"showSkybox":true,"showFlares":true,"showImageEffects":true,"showParticleSystems":true},"in2DMode":false,"pivot":{"x":-238.79769897460938,"y":59.74853515625,"z":-40.65300369262695},"rotation":{"x":0.10874602943658829,"y":-0.8367040157318115,"z":0.17992457747459413,"w":0.5056955814361572},"size":3.562544822692871,"orthographic":false}