{"cameraMode":{"drawMode":0,"name":"Shaded","section":"Shading Mode"},"sceneLighting":false,"audioPlay":false,"sceneViewState":{"showFog":true,"showMaterialUpdate":false,"showSkybox":true,"showFlares":true,"showImageEffects":true,"showParticleSystems":true},"in2DMode":false,"pivot":{"x":201.5997772216797,"y":-23.619722366333009,"z":121.73591613769531},"rotation":{"x":0.12745951116085053,"y":0.010755547322332859,"z":-0.0013835454592481256,"w":0.9917845129966736},"size":8.693672180175782,"orthographic":false}